"STATEFIP","YEAR","total_population","median_hh_income","unemployment_rate","poverty_rate","college_pct"
1,2000,4346948,32935,0.0657555006870885,0.158936969861764,0.214093339140759
1,2001,4349601,32960,0.0756273347262,0.166072614651348,0.20804711347534
1,2002,4370221,34950,0.0771139610940371,0.167280243499364,0.224979612255947
1,2003,4385446,34900,0.0866721377163738,0.172036991295991,0.230450672308544
1,2004,4414559,35985,0.0709303828145154,0.162772897249918,0.236509432538358
1,2005,4448075,35975,0.0718962679534182,0.169517195922035,0.226806615823559
1,2006,4599030,40990,0.0688499443245716,0.167737619342845,0.225935225430529
1,2007,4627851,42485,0.0618896400309943,0.168129525168159,0.229816276061283
1,2008,4661900,45290,0.0727016812913691,0.158142108055704,0.236299131583345
1,2009,4708708,43880,0.110306940321357,0.173811089324491,0.23402714960989
1,2010,4785298,42990,0.116365261765966,0.19162595328566,0.233721787191226
1,2011,4802740,43950,0.112563283842109,0.191494996310963,0.237999991433919
1,2012,4822023,44950,0.0996443961531142,0.187438639532589,0.248431510761214
1,2013,4833722,45985,0.0965428468815313,0.189306737329512,0.24409887313988
1,2014,4849377,45975,0.0854300202612696,0.19526582209476,0.244365314684879
1,2015,4858979,48675,0.0721438013354272,0.190011542635148,0.249353491418432
1,2016,4863300,49952,0.0640103227924349,0.173672046281426,0.259434437148389
1,2017,4874747,50350,0.0588081926686781,0.167783127683841,0.26755510633962
1,2018,4887871,52250,0.0556549465129034,0.168647545621195,0.261662166244655
1,2019,4903185,54950,0.0484589456310739,0.155031197216817,0.275127667710409
2,2000,609687,50750,0.0703417129863567,0.0930384984607236,0.255019982750453
2,2001,615531,55450,0.0669458643838147,0.0762112600361546,0.266099860602175
2,2002,624252,56485,0.09336501126504,0.0801214180468442,0.286114611564732
2,2003,629832,52090,0.105169424280718,0.0976084591453057,0.272394694353042
2,2004,635963,56820,0.0912981956565683,0.0852609727164887,0.28118863422746
2,2005,658002,55730,0.0900797196068999,0.113543452258512,0.274732355134139
2,2006,670053,64775,0.0847352058667418,0.110495981395548,0.275105058594743
2,2007,683478,69150,0.0790688892909682,0.0937267108630262,0.265476294768363
2,2008,686293,73380,0.0730475216984946,0.0820684849513566,0.277448551928845
2,2009,698473,73250,0.0911242851456941,0.0909517488978026,0.275985335989404
2,2010,713985,72650,0.0893749697014541,0.108201954499794,0.293038566565668
2,2011,722718,74900,0.0778869871160805,0.10362928388494,0.265174013229773
2,2012,731449,76100,0.0802943196012902,0.114216310715915,0.294715259971596
2,2013,735132,79920,0.0840350533633604,0.0927494827411316,0.294277983317721
2,2014,736732,79995,0.0668732061370774,0.127545679944693,0.295641166005201
2,2015,738432,79950,0.0687934082427185,0.103595284246229,0.278895331549212
2,2016,741894,85215,0.0777210794622286,0.105592324471542,0.285200145818603
2,2017,739795,81950,0.0681995632729442,0.11659331967514,0.289117683151307
2,2018,737438,80900,0.0691239879086087,0.10774506408036,0.297237433089276
2,2019,731545,80775,0.0557066275102477,0.106614283858768,0.312318869446575
4,2000,4943392,37950,0.0667957568331224,0.160006939095052,0.244511332815988
4,2001,5183424,39950,0.0680968879133714,0.139977655576675,0.240385084169022
4,2002,5349497,40802.5,0.0791133431316168,0.146766122561209,0.242441364410348
4,2003,5490147,40380,0.074795074516444,0.15506636800411,0.251372791784792
4,2004,5638345,41470,0.0655951461460437,0.145798595460253,0.258086488971228
4,2005,5806266,43080,0.0620890121094212,0.141405193256423,0.262965211393182
4,2006,6166318,49170,0.0497082802186141,0.140779997237442,0.263432815205694
4,2007,6338755,50985,0.0582398412632797,0.143674762160585,0.25940564107503
4,2008,6500180,52580,0.0617136919081124,0.146676226137346,0.259618373498511
4,2009,6595778,51195,0.10715434282463,0.166231080426446,0.260572019471297
4,2010,6413737,49995,0.117830776001464,0.176606195936745,0.264289491521947
4,2011,6482505,48975,0.111141672601452,0.192469550700237,0.265556040726068
4,2012,6553255,50175,0.0982764789163853,0.184806527365517,0.279604129440023
4,2013,6626624,50665,0.0871500022248632,0.187188911513584,0.277900231254
4,2014,6731484,52675,0.0795519818036632,0.181251988382908,0.276011908079935
4,2015,6828065,54950,0.0690737353638576,0.174535162433962,0.281097566555931
4,2016,6931071,56540,0.0660100084936015,0.166267370912215,0.286504225236809
4,2017,7016270,59990,0.0559099742244302,0.147734492846951,0.291537458178167
4,2018,7171646,61950,0.0533695202952678,0.139309663296011,0.295539365283304
4,2019,7278717,65175,0.0494924812083816,0.134489571664979,0.298067020560683
5,2000,2581195,32480,0.06184808569443,0.165747019645677,0.170746980542734
5,2001,2618888,32550,0.0675754597381878,0.15159034652044,0.195207518816892
5,2002,2638797,33995,0.0736401346288961,0.152182917894135,0.21659862565611
5,2003,2650703,33952,0.075724942436285,0.160272509006327,0.202679329630041
5,2004,2668372,32350,0.0751775387700718,0.18088208681362,0.194222384106429
5,2005,2694665,33995,0.0671488467232475,0.179636555088965,0.200660812334046
5,2006,2810872,39875,0.0694929868850075,0.165484352737951,0.200387713757929
5,2007,2834797,40652,0.0726539180146046,0.179657732307064,0.206857892755858
5,2008,2855390,40960,0.0660733337775763,0.172285398296907,0.204558607846122
5,2009,2889450,41650,0.091488364625685,0.185417506348977,0.1991731491841
5,2010,2921606,40750,0.0977845059939735,0.18726879316315,0.20827447234883
5,2011,2937979,41650,0.0934413694187894,0.187906358725108,0.218007836603126
5,2012,2949131,42462,0.0887219814142564,0.191930323460888,0.227827725699803
5,2013,2959373,43357,0.0808759186350741,0.193061953865444,0.216798476575404
5,2014,2966369,44675,0.0663384028325598,0.18940403083811,0.2257126380071
5,2015,2978204,45950,0.0591988259545382,0.19597988387099,0.224368092505899
5,2016,2988248,47985,0.0512232387943222,0.173732040604434,0.232081647396966
5,2017,3004279,49990,0.0557072507574717,0.163185020655747,0.243263499675696
5,2018,3013825,49980,0.0454279339748465,0.175176848874598,0.242844480507734
5,2019,3017804,51950,0.0482188455743356,0.165302417938802,0.242081621523008
6,2000,33087051,45255,0.0576468827379736,0.135739939608635,0.282054032784475
6,2001,33713792,47585,0.068307975999981,0.126433132240218,0.294596602891612
6,2002,34325414,49007.5,0.0806888041496133,0.130547626447275,0.296984794996805
6,2003,34644509,49990,0.0845331408581058,0.133925097395827,0.303782343737822
6,2004,35057375,49995,0.0757418102160709,0.134709118123106,0.307204633162181
6,2005,35340566,52590,0.0712673096696186,0.135124750138023,0.307456557577244
6,2006,36457549,59990,0.0651033462688449,0.131170769664636,0.301874922873177
6,2007,36553215,63285,0.0660953300524829,0.124412522384585,0.30594765082817
6,2008,36756666,64975,0.0745906623375094,0.133251690569024,0.306171684913801
6,2009,36961664,63990,0.112089886674636,0.142225570369004,0.308632211645418
6,2010,37349363,61690,0.126897817705757,0.158133066777312,0.309053584222513
6,2011,37691912,60285,0.122923168745919,0.166656909238492,0.310676190762381
6,2012,38041430,61980,0.112101923444128,0.168585993576438,0.317213416684387
6,2013,38332521,64480,0.0993487316934728,0.167056264396227,0.316820390137227
6,2014,38802500,66095,0.0843074819401445,0.16418896551366,0.321902544722378
6,2015,39144818,69990,0.0715158605396414,0.153452919913375,0.328236087764155
6,2016,39250017,72045,0.0644006684492994,0.143917741931638,0.335937099826172
6,2017,39536653,76775,0.058937322640007,0.132172416605577,0.342907324801926
6,2018,39557045,79975,0.055111954144505,0.127237385505984,0.348833394022232
6,2019,39512223,84995,0.0508230757011064,0.117925821614046,0.357475541834976
8,2000,4247729,45975,0.0449145418528515,0.0864539185047603,0.358969621599398
8,2001,4314724,46970,0.0504663177368651,0.0966701196214348,0.356502055592952
8,2002,4403659,47950,0.0696728599396396,0.09674590499092,0.353857512533781
8,2003,4447892,49986,0.0691425555200039,0.0992828586551347,0.364275021540209
8,2004,4498611,47350,0.0708766827516497,0.112752737378082,0.351248510138293
8,2005,4540639,49850,0.0626114555239862,0.112141115756139,0.37128987528221
8,2006,4753377,54950,0.0529133903007026,0.118006347590557,0.360526106607345
8,2007,4861515,57950,0.0536027555637945,0.119413096956871,0.364591349210674
8,2008,4939456,59950,0.0476952056141046,0.115688973471194,0.370244612913533
8,2009,5024748,59985,0.0847228119548253,0.129175577883528,0.373244146679989
8,2010,5049071,57270,0.0990613204966906,0.131378261137931,0.377248196493429
8,2011,5116796,57995,0.0914451642689656,0.13393465661965,0.380551861236718
8,2012,5187582,59998,0.0761704197183917,0.136796366257884,0.387695538210081
8,2013,5268367,61970,0.0691349178503906,0.129157836426808,0.386226238023527
8,2014,5355866,64985,0.0544268571886535,0.122163514375011,0.390352602311361
8,2015,5456574,66950,0.051834786454899,0.116503700092402,0.402150896509791
8,2016,5540545,69970,0.0468288407422897,0.108798989976533,0.405527467457065
8,2017,5607154,72990,0.0420000768468813,0.103355150386906,0.418903897436984
8,2018,5695564,74980,0.0391941929799921,0.0974954397646788,0.42656127745321
8,2019,5758736,80725,0.036912329343522,0.0936264495304385,0.438704223889249
9,2000,3294802,51900,0.0471123019237741,0.0734980248197314,0.369582346985559
9,2001,3317131,55575,0.0522193920254808,0.0741686597907031,0.356336876972796
9,2002,3350345,55950,0.0614791791752409,0.0738246833304605,0.36134395615805
9,2003,3371241,55945,0.0697878208585271,0.0821264715539645,0.374479802629862
9,2004,3389483,59925,0.0640306777429,0.0769991052142305,0.373856623603746
9,2005,3365768,59955,0.062855974401344,0.0800434575585429,0.38009174698214
9,2006,3504809,69147,0.0623396117042995,0.0839428391116679,0.363584774328935
9,2007,3502309,71160,0.0617190452156404,0.0782997037547487,0.373087248496905
9,2008,3501252,73950,0.0636798834912528,0.094343840230141,0.381721546513958
9,2009,3518288,73880,0.0926980298840782,0.0960631789895581,0.381831485073434
9,2010,3577073,69952,0.105513655362584,0.0996381184231825,0.381179346850888
9,2011,3580709,71950,0.102321188093954,0.109660587936696,0.385266883477885
9,2012,3590347,72950,0.0994358595758764,0.108149224267124,0.395865510337241
9,2013,3596080,74350,0.0917641191617559,0.105204914237648,0.399791673879
9,2014,3596677,76250,0.0790859877648692,0.102742541872689,0.399405563501538
9,2015,3590886,79950,0.0689518930005631,0.103553987658259,0.404930773236297
9,2016,3576452,80060,0.0629952576068958,0.0955307532715144,0.410460485093377
9,2017,3588184,79985,0.061379252099852,0.0940213075502168,0.401281294381874
9,2018,3572665,83090,0.0544589122688242,0.103955292307125,0.41780288831225
9,2019,3565287,85950,0.0547414017171089,0.102286919933551,0.419816803587312
10,2000,756530,46800,0.036227205084874,0.07538546983682,0.279184720776549
10,2001,771580,48350,0.0444338770032839,0.0998819316501025,0.2703032054524
10,2002,782221,49410,0.0614568794469799,0.0826347167287446,0.272105350766756
10,2003,792494,49950,0.0619725137203426,0.0882961106612924,0.297970038902343
10,2004,805421,49750,0.069867923601905,0.100337073061519,0.305270258951472
10,2005,825598,50950,0.0613161801543418,0.105506662155295,0.295389217720216
10,2006,853476,55950,0.0574294927573322,0.116593514481245,0.305962968943193
10,2007,864764,59850,0.0548582688068792,0.107258853360431,0.275414781297134
10,2008,873092,60275,0.0692325684139401,0.111623669308774,0.283860267306861
10,2009,885122,59935,0.088055275385557,0.113311926467299,0.299710277204426
10,2010,899769,60950,0.093650814440326,0.121010265103895,0.289356993667739
10,2011,907135,61250,0.0896543755695369,0.122999041192498,0.298015582326351
10,2012,917092,61950,0.0823256742747404,0.122648338177654,0.313876050204392
10,2013,925749,60550,0.0928141214228403,0.130142950197853,0.313957553861425
10,2014,935614,64700,0.070260664003722,0.131476981893601,0.319394678661279
10,2015,945934,66950,0.0563233621652077,0.136985826249348,0.325499869650743
10,2016,952065,68450,0.0568795759181486,0.117205808356975,0.32527533407463
10,2017,961939,67900,0.0551872914594076,0.129771610316627,0.334231631976563
10,2018,967171,67950,0.0558035534588663,0.119406814613133,0.315055729335907
10,2019,973764,74350,0.043232617990962,0.109629280238703,0.352472371081405
11,2000,523809,39950,0.075589538621948,0.162376718112932,0.436240116935752
11,2001,536260,39950,0.0769945149999329,0.180495400599296,0.450762763448223
11,2002,535632,43130,0.101111401543852,0.175321784030532,0.452031180204722
11,2003,528759,41950,0.11144055146959,0.199219638282067,0.470210933866325
11,2004,518074,45115,0.0881177079461895,0.18874671191536,0.511078870589736
11,2005,508572,44450,0.0937971722991529,0.19163746594891,0.482988445721
11,2006,581530,60700,0.0847362096944021,0.194582150729667,0.489229529746003
11,2007,588292,66750,0.0741996914990509,0.163271323120798,0.505897610634612
11,2008,591833,69900,0.0723408980414989,0.174504205928526,0.512632424755461
11,2009,599657,72550,0.112163962669639,0.186481362726855,0.511134682644344
11,2010,604453,74950,0.128785922878764,0.192093392079738,0.527805215890641
11,2011,617996,74980,0.112241695669506,0.189420605845203,0.552054338452806
11,2012,632323,82600,0.101553276319254,0.174700795930391,0.566556200313507
11,2013,646449,82200,0.103801295200455,0.19323644667613,0.572391322942776
11,2014,658893,86800,0.0855483553865456,0.167794747425624,0.575163943958216
11,2015,672228,90750,0.0723217269430853,0.164257452893015,0.60216546707295
11,2016,681170,91785,0.067247624280162,0.189842952790124,0.603028254497725
11,2017,693972,98027,0.0589198639686626,0.162163595346279,0.601792961269442
11,2018,702455,99850,0.0765877687290131,0.16592865873588,0.628366976396454
11,2019,705749,109900,0.0645829260699262,0.142744770942574,0.624170547869214
12,2000,15587105,36950,0.0508769491245043,0.131146943289524,0.248189403875739
12,2001,16017780,37770,0.0632775924251049,0.126036644401096,0.25364810366091
12,2002,16342243,38990,0.0703993890801873,0.129764931507219,0.255149498881951
12,2003,16667245,39435,0.0726939986277832,0.134753062766416,0.264702951695474
12,2004,16957665,40295,0.0708483896553307,0.122414014390401,0.269350789243054
12,2005,17363653,41675,0.0629276877294219,0.130491805246163,0.266632941306149
12,2006,18089889,47790,0.0542728661970216,0.126894323214192,0.266502240491335
12,2007,18251243,49990,0.0620573749186341,0.121880660724314,0.273160257584907
12,2008,18328340,49990,0.0746484511457291,0.132090801742288,0.271272939046025
12,2009,18537969,47980,0.119833708564421,0.149188735129308,0.266910892406
12,2010,18843326,46995,0.131937098067508,0.166183913323126,0.268826233873592
12,2011,19057542,46490,0.123479409792259,0.171093965444888,0.268994877117799
12,2012,19317568,47695,0.115062922318744,0.171738783489146,0.277424044606145
12,2013,19552860,48820,0.096718759699514,0.169782076342426,0.27940528426869
12,2014,19893297,49980,0.0798742466963111,0.166348065288775,0.280419513861703
12,2015,20271272,51975,0.0698934013275499,0.157746492048079,0.292696656889664
12,2016,20612439,53460,0.0601132202953736,0.14833626262399,0.290582401571406
12,2017,20984400,55265,0.0550090366382715,0.140394981577104,0.300936082357696
12,2018,21299325,58560,0.0523600709728263,0.133960336778796,0.309307132342292
12,2019,21477737,61990,0.0453878642107873,0.127355481414313,0.313088144034995
13,2000,7951518,39950,0.0484043239249437,0.129186878094155,0.241856023396181
13,2001,8158938,41995,0.0581531373699457,0.119139010144482,0.260876752428
13,2002,8328862,41355,0.0653494290465824,0.12717117603459,0.260534566745058
13,2003,8438710,42085,0.0739542834236936,0.133812282211599,0.274997991039065
13,2004,8580307,42050,0.0727516402443921,0.149135956798249,0.270446827290137
13,2005,8811648,44790,0.0726194256006348,0.14637142189888,0.286362640189225
13,2006,9363941,49965,0.0667979871402264,0.148531504324564,0.279241274149251
13,2007,9544750,51965,0.0697660873575345,0.145161935337668,0.286433206499965
13,2008,9685744,54560,0.0696912962321429,0.147199794160251,0.290147209029571
13,2009,9829211,51975,0.109573535566781,0.162273538280045,0.292502912740737
13,2010,9712587,49970,0.124788562586408,0.17976260507086,0.28608056279533
13,2011,9815210,49475,0.117926232520597,0.191921434326692,0.291346246218639
13,2012,9919945,50275,0.107105699936201,0.191734014595942,0.296901034228316
13,2013,9992167,51995,0.101298796034557,0.188455044051608,0.296856687151815
13,2014,10097343,52175,0.0827246111500081,0.187087540498564,0.303051435002399
13,2015,10214860,55085,0.0693650945163314,0.171478162897863,0.309396568140175
13,2016,10310371,57995,0.0595357441421786,0.158914025152256,0.318904388253973
13,2017,10429379,59990,0.0580155846641102,0.152312387198497,0.322435480760302
13,2018,10519475,62170,0.0481122871226797,0.144289350850314,0.333348077950349
13,2019,10617423,65975,0.0488898953931187,0.13464095516641,0.338297037901261
15,2000,1198101,49900,0.057912829936902,0.0943217852665899,0.297323248335522
15,2001,1188615,49465,0.0575370371903906,0.103265819563911,0.287128681701988
15,2002,1208537,49950,0.0603273172322706,0.101197207621006,0.299881878884864
15,2003,1221885,49950,0.0621187966466002,0.108615647716904,0.29982043967362
15,2004,1227008,53010,0.051423953533225,0.105872513341058,0.319483157136903
15,2005,1258528,56285,0.0440229603651453,0.100478476521833,0.305253471890808
15,2006,1285498,64990,0.0419367182634663,0.101112897597167,0.31414412459236
15,2007,1283388,67950,0.0438605979158734,0.0808988263271369,0.305778846493865
15,2008,1288198,71950,0.0388832345087455,0.0911166692538959,0.31569039603212
15,2009,1295178,69650,0.0679693337972813,0.101602555244529,0.319649383861587
15,2010,1363621,69950,0.0760754184964027,0.104467615369986,0.310009210600515
15,2011,1374810,67370,0.0671992304837416,0.12117357874717,0.309448922919666
15,2012,1392313,71605,0.0684616814592784,0.117457349504021,0.315400813263424
15,2013,1404054,74850,0.0516849286747984,0.10501903687076,0.3307060204595
15,2014,1419561,76960,0.0479617726430095,0.114144331148249,0.330060578008078
15,2015,1431603,79950,0.0456006700701978,0.104715563393498,0.320575997068984
15,2016,1428557,81800,0.0399554656298206,0.0868266545715256,0.339051237346795
15,2017,1427538,82900,0.0360316871393673,0.105309620094958,0.331787312010941
15,2018,1420491,86370,0.0342677216599474,0.0924320159745146,0.338062037959263
15,2019,1415872,90725,0.0350865216786062,0.0960506359918823,0.337650178186552
16,2000,1272112,36700,0.0521457487298525,0.118509523452809,0.241924326944166
16,2001,1289492,36250,0.067236695946009,0.116884459210041,0.238055159215908
16,2002,1308320,36775,0.0680497344990142,0.139589230087622,0.239312311602341
16,2003,1333165,38950,0.0684702161867684,0.138736913560037,0.25540210522628
16,2004,1360152,39390,0.0609669865061736,0.149408496522583,0.252370004318817
16,2005,1408650,40880,0.0579805298981137,0.136474766634519,0.251888406601384
16,2006,1466465,45796,0.0513729130764598,0.12537430910845,0.246921717208115
16,2007,1499402,47950,0.0527049711902087,0.128983600615616,0.258628338666847
16,2008,1523816,49950,0.0563061262901151,0.135526358118687,0.255828674176798
16,2009,1545801,47905,0.0973709041114613,0.14469787228425,0.252365779267997
16,2010,1571450,46450,0.0963707664320594,0.154778008333668,0.254370512087857
16,2011,1584985,45450,0.0953749435198556,0.156663057625783,0.269044763176522
16,2012,1595728,48455,0.0772724689789129,0.155698770827712,0.262815672557922
16,2013,1612136,49105,0.0746929783141072,0.158634988939365,0.268859261648772
16,2014,1634464,49975,0.0550920235833981,0.150433067436564,0.257067508007996
16,2015,1654930,50985,0.0523243194694968,0.142566346662078,0.259448444731332
16,2016,1683140,53940,0.0466721211445382,0.144079580703819,0.278419476483637
16,2017,1716943,53950,0.0416713244907581,0.133300312572862,0.270732826880264
16,2018,1754208,57660,0.0438227582900803,0.121939169994469,0.282790564805746
16,2019,1787065,63250,0.03546536351088,0.11154149406155,0.29562110128427
17,2000,12123016,44955,0.0524825348579613,0.114104531037169,0.299386374935373
17,2001,12174337,45090,0.0713645820025501,0.112883328357732,0.302832486229861
17,2002,12307000,45950,0.0873644403229397,0.115964747694104,0.308994443350336
17,2003,12338235,47485,0.084522463573094,0.114224847373945,0.307291145837159
17,2004,12368348,47980,0.0808331229352979,0.12141334085417,0.318079320127779
17,2005,12441864,49195,0.0804570959015318,0.121503389083904,0.316642392283539
17,2006,12831970,54975,0.071639750167198,0.12482235007894,0.313346264894284
17,2007,12852548,57495,0.0721641112460442,0.11856366287683,0.321481209108781
17,2008,12901564,59995,0.06837971441049,0.122576133166135,0.32426261522844
17,2009,12910409,58725,0.105805600681134,0.134549821932847,0.330478107184794
17,2010,12843166,56480,0.113427481419736,0.139943643307876,0.333093016339255
17,2011,12869259,56290,0.109718643403395,0.148078932845873,0.334774070169767
17,2012,12875255,58975,0.10301564700648,0.147756399064148,0.338861114567919
17,2013,12882135,59980,0.0934002878170176,0.146105554423085,0.346471199456708
17,2014,12880580,61875,0.0828525354359606,0.14441957547866,0.351444083034667
17,2015,12859995,62960,0.0695734053029775,0.138211191495987,0.351432680292061
17,2016,12801539,64995,0.0630333943351489,0.130914349941142,0.359620450990305
17,2017,12802023,66990,0.0610529415579854,0.127342659157561,0.363480978602412
17,2018,12741080,68375,0.0548875790879687,0.120170936577629,0.37454043359686
17,2019,12671821,73315,0.0471550440432134,0.114135802439255,0.383955723594789
18,2000,5839634,39975,0.0420272520228527,0.0919944687239584,0.210493447990174
18,2001,5934871,40980,0.0589374832594658,0.100331341303813,0.2207336100981
18,2002,5985228,41240,0.0688322706921028,0.111244060175164,0.226014797524177
18,2003,6021480,41650,0.0783919999407327,0.108648763627226,0.225334374441117
18,2004,6058172,41380,0.0684528839537006,0.109798423132027,0.233804733289693
18,2005,6081212,42995,0.070232358873394,0.125585596220792,0.22671917962277
18,2006,6313520,48857,0.0683774844070451,0.125357325456813,0.234715689202887
18,2007,6345289,50095,0.0647220016081532,0.125861905084766,0.24116873848751
18,2008,6376792,50975,0.0709542096029459,0.132816953823724,0.248020574847238
18,2009,6423113,49965,0.107259783721262,0.144205568461303,0.242383504686939
18,2010,6490621,48065,0.107937431303331,0.155898428916069,0.247148230553482
18,2011,6516922,49950,0.0975021387212695,0.15922593452303,0.245467940626204
18,2012,6537334,49950,0.0878180784536669,0.157923180804544,0.249491889537045
18,2013,6570902,50185,0.0770701153052732,0.16016218368796,0.2543269039788
18,2014,6596855,52975,0.0702452668464818,0.155958373126113,0.263823616272452
18,2015,6619680,53975,0.0610478376423804,0.152496618844884,0.265628379465653
18,2016,6633053,56285,0.0486701375455859,0.141836960306974,0.275522128330198
18,2017,6666818,57950,0.0476396921039632,0.137009953860313,0.283454327877361
18,2018,6691878,59975,0.0450501035862034,0.132916890262583,0.284613913405931
18,2019,6732219,61975,0.042458746395387,0.124108888076174,0.286875479617784
19,2000,2820668,37800,0.0358565447941282,0.101764103277673,0.247268479734102
19,2001,2819039,39150,0.0489883252152793,0.099022978017538,0.252151220825058
19,2002,2838815,38950,0.0556093762732121,0.11328177109103,0.250450062129789
19,2003,2846089,39985,0.0541951437083625,0.103588241131268,0.246473724650166
19,2004,2849976,40310,0.0586707381077341,0.102369970762886,0.264216727999255
19,2005,2848266,42150,0.0525114847169292,0.115807641449366,0.263539264307366
19,2006,2982085,47990,0.0478552641402514,0.114132651805733,0.269635350165703
19,2007,2988047,49950,0.0471395467703332,0.111749374536437,0.267884874906177
19,2008,3002557,52350,0.0368894233658601,0.119180880467136,0.269833895655723
19,2009,3007857,53290,0.0584039021540353,0.119260929788261,0.281107231306435
19,2010,3049883,51550,0.0707555920703912,0.129497244599181,0.279926455320855
19,2011,3062309,52498,0.0611689988908641,0.12871352126569,0.282100377392852
19,2012,3074186,54990,0.0489721985493364,0.126884590666304,0.292418261702191
19,2013,3090416,55950,0.0461792395607789,0.13130932828666,0.282571545433662
19,2014,3107126,57990,0.0455909326737923,0.125435357373855,0.303242561539539
19,2015,3123899,59075,0.0415093749943654,0.130859468439086,0.293314012120234
19,2016,3134693,60950,0.0377235452221357,0.1160759238499,0.311177476152393
19,2017,3145711,62655,0.037237204424568,0.103181876242537,0.315155605305857
19,2018,3156145,62950,0.0365988288942104,0.113703350699888,0.308447305709228
19,2019,3155070,65950,0.0376423497710025,0.114691070169641,0.311877995154885
20,2000,2615759,39900,0.0375646187788587,0.0982800135886165,0.29240169714354
20,2001,2612636,38355,0.0443285784970288,0.114348067927025,0.296322290139812
20,2002,2634122,39950,0.0636502185922224,0.122228612246481,0.294454876626237
20,2003,2641747,40090,0.0624815403638933,0.109037143892951,0.316919945657023
20,2004,2653454,40850,0.0518729525708589,0.10689032254165,0.308042159874005
20,2005,2669699,42055,0.0528498085923808,0.114337233582152,0.304769538114143
20,2006,2764075,48485,0.0489507301105391,0.124156017373305,0.314314789735309
20,2007,2775997,50065,0.0509616625964218,0.112180288941525,0.313907103357359
20,2008,2802134,52970,0.0422898036380252,0.113179861888929,0.317592586283261
20,2009,2818747,52075,0.0699471834020891,0.13009652950827,0.319736956675537
20,2010,2859169,51500.5,0.0749764600586253,0.132577070743542,0.323872695317793
20,2011,2871238,51950,0.0759906080948838,0.142762514814404,0.325901594122456
20,2012,2885905,53950,0.0637274581012815,0.138150602770093,0.319473024872833
20,2013,2893957,54330,0.0587472665624342,0.136355415382899,0.328216692205263
20,2014,2904021,55650,0.0539377599307771,0.136205540084675,0.326823529097362
20,2015,2911641,57995,0.0464969854231855,0.129652664546723,0.334691637072432
20,2016,2907289,59780,0.043762026569849,0.12154848746136,0.345276078401858
20,2017,2913123,59975,0.0439975742970614,0.120075454272,0.352185562182413
20,2018,2911510,61050,0.0387482782708906,0.123381699405047,0.352327598694294
20,2019,2913314,65750,0.0351444694827878,0.116465377114282,0.343940951401976
21,2000,3922149,31385,0.0642199756970762,0.179451287865424,0.163672767412658
21,2001,3950704,33045,0.0659199349563014,0.155395297777104,0.192291289669833
21,2002,3978103,34875,0.0728653343028473,0.156187511759344,0.202986424649108
21,2003,4003036,33950,0.0748333876427698,0.175061280245311,0.200783549553164
21,2004,4031134,34755,0.0723398844547078,0.175540978538785,0.204209160088505
21,2005,4065635,36850,0.0747338344498236,0.16824298835604,0.210408180267949
21,2006,4206074,41365,0.069285172307247,0.165389355165036,0.21653314046135
21,2007,4241474,42475,0.0659717975195033,0.177376125352209,0.217337929100996
21,2008,4269245,43950,0.0665832592490618,0.176038942482031,0.209728076718077
21,2009,4314113,43790,0.100097297177709,0.187066426048683,0.227653260118146
21,2010,4346266,42995,0.111465269151538,0.188677146810996,0.221997111026025
21,2011,4369356,44480,0.102047247320881,0.197039025189448,0.222460084484857
21,2012,4380415,44950,0.0946179249126473,0.19362503679318,0.231602963944728
21,2013,4395295,47175,0.0832572287345957,0.184541453504988,0.240897787144362
21,2014,4413457,47030,0.0760677966101695,0.188053900318398,0.240774668083742
21,2015,4425092,49350,0.0636112975073818,0.183838214822716,0.244836941031915
21,2016,4436974,49960,0.0576786474673429,0.188277985306285,0.248303564811384
21,2017,4454189,51495,0.0547367299347022,0.175188737530079,0.252498076771385
21,2018,4468402,54150,0.0490279439513097,0.170105141386636,0.26386774158036
21,2019,4467673,56990,0.0470189968297658,0.161563695693445,0.266549003030562
22,2000,4321694,30950,0.0689202186187344,0.19004386230255,0.215969616760975
22,2001,4328743,32950,0.0808683583582652,0.193228468515646,0.206634508086537
22,2002,4348960,32950,0.0814330796254891,0.188568232780663,0.21899381376412
22,2003,4364568,33970,0.0840066146711779,0.204905601867228,0.227449922296995
22,2004,4383224,34450,0.0789856908740039,0.194455438123764,0.228157271550458
22,2005,4387181,35950,0.0853338933858493,0.196589188413029,0.217462713391866
22,2006,4287768,41950,0.0753321484332806,0.187950088579733,0.211834729698125
22,2007,4293204,44490,0.0628301321409896,0.188737469691688,0.21329468725801
22,2008,4410796,46390,0.059585252983367,0.170931509202391,0.214842161208844
22,2009,4492076,46950,0.083699833072718,0.175360624298665,0.228438233328312
22,2010,4544228,46465,0.0979299862209563,0.186111440741657,0.224062715607597
22,2011,4574836,44950,0.0955111368783767,0.20320710395696,0.218850391262207
22,2012,4601893,46750,0.0875871843865341,0.199695149859721,0.232811280380853
22,2013,4625470,47950,0.0797677382241565,0.197489346687897,0.237238261552743
22,2014,4649676,48950,0.0741608854376463,0.196882058804362,0.235809498178572
22,2015,4670724,49950,0.0698692054203224,0.195121602804609,0.242146521668044
22,2016,4681666,49560,0.0701228903847661,0.203790547725939,0.239021775641304
22,2017,4684333,49950,0.0659020120714213,0.200718988287343,0.247928087684292
22,2018,4659978,51265,0.0622215766917749,0.187150262219976,0.249611559343157
22,2019,4648794,54950,0.0541347167393506,0.187822028649525,0.256207901613767
23,2000,1225962,34800,0.0409106514324584,0.104241753282007,0.259477244934766
23,2001,1251745,36950,0.0494719853791904,0.109105319901082,0.241304232456937
23,2002,1259547,39860,0.0680315511176175,0.110950647689923,0.257992884104222
23,2003,1270602,39475,0.0600398522087053,0.108322126183447,0.273351531475486
23,2004,1278725,41480,0.0506486523307569,0.126288976833871,0.274149208850225
23,2005,1282474,41710,0.0528916453098043,0.129604898354459,0.265608715989069
23,2006,1321574,46395,0.0488629788259491,0.126501680207052,0.270813859535164
23,2007,1317207,47950,0.0566950456043822,0.129932169402768,0.282198391130354
23,2008,1316456,48685,0.0612392206148973,0.130538754240358,0.252135291646461
23,2009,1318301,48550,0.0724912942604379,0.126537072074459,0.284069851097691
23,2010,1327567,48950,0.0787719519464441,0.137365293693343,0.286908668870781
23,2011,1328188,47750,0.083295866678656,0.14386908668049,0.305799686650072
23,2012,1329192,49850,0.0815369335958804,0.15159454910104,0.289677731188575
23,2013,1328302,50705,0.0660025121367246,0.134742604949136,0.285008516731475
23,2014,1330089,51620,0.0578158520238443,0.147885132376617,0.310394882922546
23,2015,1329328,54930,0.0508147088364296,0.130693411350657,0.308378276545831
23,2016,1331479,56440,0.0440977032022744,0.132236989966349,0.317246836529889
23,2017,1335907,59955,0.042431613931465,0.114801503887499,0.334604065702723
23,2018,1338404,59950,0.0383098583583025,0.113918834878883,0.313089839860746
23,2019,1344212,61050,0.0334405254452076,0.10880873726058,0.331992082786992
24,2000,5120923,49900,0.0465001684514845,0.0939681726351939,0.340163747226901
24,2001,5247157,52950,0.0528992867913851,0.082202101111032,0.354991506553568
24,2002,5329992,54900,0.0624639111081826,0.0810306776521477,0.353488246346838
24,2003,5380487,56950,0.0625622879449188,0.0834504970771121,0.364955035782195
24,2004,5424648,56550,0.0599780518799288,0.0906781460561714,0.370007914800677
24,2005,5453441,60750,0.0575547303472333,0.0836017279630161,0.366920221513588
24,2006,5615727,68460,0.0528500139235525,0.0799237686639078,0.374314847279499
24,2007,5618344,71970,0.0560561403601118,0.0833060170872457,0.372465225352358
24,2008,5633597,74375,0.0529569565541302,0.0826523353743291,0.374155696572216
24,2009,5699478,74265,0.0792708000038015,0.0919669199813161,0.378136693709777
24,2010,5785982,72950,0.0885436458166307,0.100954135435668,0.377637336471201
24,2011,5828289,73795,0.089344217542754,0.102326795064238,0.387489621583153
24,2012,5884563,75980,0.0816316729856828,0.101876636475308,0.386320702910489
24,2013,5928814,76950,0.0723511897000554,0.103989639280109,0.389834046518751
24,2014,5976407,78680,0.0700756608086122,0.100059689239689,0.396101162263249
24,2015,6006401,80950,0.055695311980658,0.102351175570768,0.407032972456644
24,2016,6016447,83460,0.0528219999713631,0.0945228107931822,0.405589205053262
24,2017,6052177,85950,0.0508098007654265,0.0943750717551478,0.413937779118835
24,2018,6042718,87970,0.0480039500003501,0.0890439950924829,0.421350917182045
24,2019,6045680,91465,0.0470467287899827,0.0918251686013326,0.42374461317075
25,2000,6221681,48360,0.0353470214995567,0.0992523938897878,0.379770402683335
25,2001,6155496,51950,0.0489036892137217,0.0850177647117782,0.388452610545145
25,2002,6211595,54950,0.0678258478824798,0.0883065504532539,0.389957231900052
25,2003,6218757,52960,0.0735932898801627,0.0941637712839207,0.396448407818193
25,2004,6193986,54950,0.0615802661883579,0.0954839575586608,0.408819434730947
25,2005,6200944,55490,0.0633399365800695,0.10594457057515,0.398626307812024
25,2006,6437193,63980,0.0586628873675793,0.100306866805644,0.403451915681861
25,2007,6449755,67975,0.0602729760894408,0.0999396463998478,0.41537334586941
25,2008,6497967,71625,0.0590716796395079,0.0995874280626956,0.413971961678282
25,2009,6593587,71825,0.0903961933234669,0.104119045388267,0.417458261665312
25,2010,6557254,69095,0.102613936579454,0.114380646528721,0.422212316805121
25,2011,6587536,68955,0.0942938536791858,0.117260182300029,0.423837383672451
25,2012,6646144,72425,0.0873224464330846,0.120104873018813,0.424660853240168
25,2013,6692824,73980,0.0778516504311486,0.119175638466884,0.431059904413643
25,2014,6745408,76950,0.0681279944019849,0.116668285171687,0.442473610616516
25,2015,6794422,79980,0.0570279783519067,0.113496229200313,0.443669153876687
25,2016,6811885,83995,0.0527366048508953,0.105208302164548,0.453341086005559
25,2017,6859819,86450,0.0447297115687496,0.104801387931706,0.461158364355731
25,2018,6902197,87965,0.0475146775757897,0.100891254590558,0.470850543121209
25,2019,6892503,94775,0.0395419470798258,0.0946177018605586,0.477098805961986
26,2000,9669167,43210,0.0569441058852207,0.0958608162902192,0.254729450178785
26,2001,9740127,43980,0.0679608077703367,0.108003659205902,0.252405614195971
26,2002,9797198,43162.5,0.0867128665587602,0.1117932319426,0.256086368310386
26,2003,9825840,43955,0.0901529690923046,0.116107124125758,0.263151118603497
26,2004,9858908,44090,0.0898023065641652,0.124155222893612,0.265583163822539
26,2005,9857477,44995,0.08942221007404,0.134619732130982,0.270569229157644
26,2006,10095643,49975,0.0941280052095993,0.140446104058561,0.265902690317061
26,2007,10071822,50290,0.0963197363822457,0.142352916692681,0.266527090877239
26,2008,10003422,50882.5,0.0942284568821528,0.146209164965122,0.266346377805019
26,2009,9969727,49390,0.148713266136443,0.160966224334423,0.268051063475165
26,2010,9877574,48370,0.148660480528274,0.166152873127272,0.273876798438171
26,2011,9876187,48290,0.130249154604025,0.171437613862837,0.273658712572164
26,2012,9883360,49680,0.116923871529971,0.176849269404544,0.277839383813785
26,2013,9895622,50985,0.0985927319448552,0.169833660377234,0.284830140681964
26,2014,9909877,52175,0.083390272033418,0.162008904024731,0.289026134277822
26,2015,9922576,53995,0.072182054162755,0.160460497217679,0.293534612881547
26,2016,9928300,56085,0.0617693218851358,0.150618524433535,0.295290725612686
26,2017,9962311,57995,0.0581407820186994,0.144463324239334,0.30363742734997
26,2018,9995915,59965,0.0516876800144354,0.14120685006206,0.309286497272798
26,2019,9986857,62250,0.0506345688819992,0.132076042221706,0.315050143976626
27,2000,4850802,46950,0.0331307695016337,0.0819683557969381,0.30732339582917
27,2001,4836367,48975,0.0415756277209926,0.0804635016167891,0.309333215831526
27,2002,4882303,48975,0.0576363317109613,0.0846041558134222,0.327374924708896
27,2003,4919584,49555,0.0545434173913233,0.0792578173234952,0.334557489924078
27,2004,4958748,49960,0.0576906825180835,0.084641276766786,0.324854853103549
27,2005,4969152,51375,0.0546626490632451,0.090221201859472,0.334053604774952
27,2006,5167101,56595,0.0530658081852848,0.0969161258282017,0.328502086598191
27,2007,5197621,59250,0.0566696296723561,0.0934155816860912,0.331727223526179
27,2008,5220393,59990,0.0506028979223904,0.098716527787506,0.343224857084814
27,2009,5266215,59950,0.0797118195579076,0.111582512151252,0.341638316334793
27,2010,5310584,59495,0.0801083847925351,0.115234601133262,0.346802529866479
27,2011,5344861,59990,0.0743202105084916,0.117440606557343,0.350880983830939
27,2012,5379139,62875,0.0643078929818039,0.114632353541551,0.3511414737968
27,2013,5420380,63975,0.0552105642167086,0.114447382514835,0.358640786218702
27,2014,5457173,65960,0.0479278856556993,0.11224360353618,0.359421907805425
27,2015,5489594,67975,0.0423166946513811,0.100658541983214,0.373046167299698
27,2016,5519952,69372,0.0377559110046041,0.0995819168061233,0.363730123466764
27,2017,5576606,71155,0.0378908797819603,0.0990028342696388,0.378450754329349
27,2018,5611179,72950,0.0341242287828957,0.0982161784977821,0.389626202280698
27,2019,5639632,79050,0.0307840267533607,0.0906248231033012,0.395344869746203
28,2000,2714473,31900,0.0838376635827621,0.180216763144506,0.189830781248999
28,2001,2765210,31860,0.0854505962733953,0.188925703582679,0.204630856664333
28,2002,2774882,31550,0.098230423708087,0.198855435992284,0.191230891994239
28,2003,2783594,31910,0.0943212499117976,0.201123027092687,0.196921906916203
28,2004,2807064,30965,0.0932533670317074,0.217206330996025,0.202286125461455
28,2005,2830388,31975,0.0921699110181915,0.213250550569786,0.199303299067993
28,2006,2910540,37875,0.0854473356244571,0.210402948577099,0.1968114139196
28,2007,2918785,39955,0.0910385919001734,0.205980490453813,0.201614834011683
28,2008,2938618,41970,0.0762545884600185,0.20944590502133,0.203779745838328
28,2009,2951996,40985,0.103806835610297,0.218772769363539,0.213129275004175
28,2010,2970036,39950,0.122275921919863,0.223748472159014,0.205047838890337
28,2011,2978512,39975,0.11287048435426,0.225931765474248,0.210533404738382
28,2012,2984926,40850,0.115136743563043,0.238113539168613,0.212160086576668
28,2013,2991207,41950,0.104907128931899,0.244622780098624,0.210574223646898
28,2014,2994079,42950,0.0988544011810297,0.223286222312713,0.216191211379251
28,2015,2992333,44550,0.0879528876256601,0.21927095235584,0.210554609511482
28,2016,2988726,46275,0.0752167691511125,0.207552787642235,0.22282706490487
28,2017,2984100,47965,0.0681696661229518,0.197572538041348,0.222829463645447
28,2018,2986530,48780,0.072954167081691,0.200590617891824,0.242393489334296
28,2019,2976149,49950,0.0655603516286195,0.195808481524552,0.223450961145194
29,2000,5449651,37950,0.0510018934991073,0.119437347726587,0.257143321551324
29,2001,5471085,38750,0.0534780863356798,0.119257875854835,0.253773517848859
29,2002,5506873,39950,0.0593293122996961,0.119033871543775,0.263754206833609
29,2003,5537884,39980,0.0662471744187536,0.119411588517833,0.265766224076241
29,2004,5587906,40690,0.060574579317552,0.119245983193277,0.266852188840059
29,2005,5632603,40975,0.0678452852253057,0.137004789211357,0.262636643992985
29,2006,5842713,45985,0.0619192661064538,0.139619189049746,0.263032286186169
29,2007,5878415,48380,0.0635900624894265,0.132222755328863,0.272706938317081
29,2008,5911605,49980,0.0630271721068374,0.136755487118967,0.273066033807977
29,2009,5987580,49090,0.0901618121505465,0.147146846557014,0.274731449554151
29,2010,5996231,48080,0.098950202042504,0.157531521532597,0.275962092426823
29,2011,6010688,48490,0.0939227026771703,0.160178727755711,0.284198372364803
29,2012,6021988,48990,0.0843234878912063,0.165470337333962,0.281161347047176
29,2013,6044171,49980,0.0742701235678316,0.164669123663272,0.2902482549302
29,2014,6063589,51995,0.0671494497458719,0.15465217026036,0.29371150347027
29,2015,6083672,53950,0.0526071642209476,0.147947682150331,0.298137585255269
29,2016,6093000,55970,0.0480612179029504,0.140527237510075,0.3024036543165
29,2017,6113532,57740,0.045799618339223,0.134752116496999,0.309122147627623
29,2018,6126452,58560,0.0423715065308718,0.132880703888263,0.316012971017688
29,2019,6137428,60985,0.0384317954328016,0.127174786371914,0.321725684166289
30,2000,879617,32400.5,0.0517727436334817,0.156053954461706,0.281230576021078
30,2001,875841,31950,0.0562128982756532,0.149995825284138,0.271614346416072
30,2002,887655,34952.5,0.0596697042701023,0.145591192109447,0.267778835597461
30,2003,892023,34950,0.0555947254887149,0.140029662163452,0.271532068949605
30,2004,903109,34070,0.0599229550184751,0.143759484844756,0.290650936888716
30,2005,897367,37985,0.0564866605578774,0.135571230479012,0.285670045213792
30,2006,944632,41970,0.0464639194541359,0.136155936110654,0.289434278168184
30,2007,957861,46975,0.0542771618715089,0.144383597380131,0.279652456221279
30,2008,967440,47550,0.0506526463427438,0.147531529697864,0.295165274857785
30,2009,974989,46020,0.0735227484479664,0.150892987888065,0.287182540760079
30,2010,990898,46750,0.0727313132573336,0.145768728705039,0.323104043207561
30,2011,998199,47625,0.0827861297761597,0.140933608576946,0.310318436872262
30,2012,1005141,46975,0.0750584050377349,0.149756409695596,0.294452273520628
30,2013,1015165,50345,0.0735389569500175,0.175237336586891,0.295324918619641
30,2014,1023579,49750,0.0535395632101864,0.162743658331149,0.290871066110958
30,2015,1032949,52940,0.0434874409432804,0.14790899460223,0.297821544702658
30,2016,1042520,54230,0.0494019809911001,0.130833237583732,0.323239290376172
30,2017,1050493,57350,0.0320858585578029,0.128917263884213,0.319241687127484
30,2018,1062305,57550,0.0360145564060735,0.122685062606209,0.305901776157042
30,2019,1068778,59900,0.0406786378519498,0.132876172324249,0.346516806082533
31,2000,1670419,36550,0.037200770761658,0.101352562423307,0.277379841939421
31,2001,1664625,39275,0.0445102585799532,0.104207793270805,0.280603993974846
31,2002,1678166,39420,0.0515956951627953,0.11227376409517,0.277087178779463
31,2003,1686921,40885,0.0515137606217156,0.109661024095992,0.276682100574376
31,2004,1708711,41245,0.0521999460084193,0.109209043091679,0.293581678321214
31,2005,1706343,42715,0.0496435404374654,0.110422553734385,0.286407064273306
31,2006,1768331,47990,0.0493903906518032,0.118744603152806,0.294706052528715
31,2007,1774571,49950,0.0415801911763648,0.113967858109906,0.29627435629308
31,2008,1783432,51950,0.0384192272150861,0.114568784060437,0.303209100714125
31,2009,1796622,50975,0.0575292911835045,0.122837018900915,0.302071009116766
31,2010,1830429,51062,0.0668481208544601,0.131891304811741,0.303750990421823
31,2011,1842641,52650,0.063603806046136,0.121684164005888,0.305508443253362
31,2012,1855525,54325,0.0510617132499376,0.118339636184792,0.324969177285666
31,2013,1868516,55725,0.0437990350964265,0.130356182640509,0.328730966776117
31,2014,1881503,56950,0.0367085354742752,0.127569311565621,0.327918294535089
31,2015,1896190,59950,0.0331514529328458,0.125719696887616,0.320333309299906
31,2016,1907116,60950,0.0373709313905341,0.118795375796021,0.343505506813325
31,2017,1920076,62950,0.0337687015648073,0.109005829680866,0.328507827932895
31,2018,1929268,63900,0.030404410703461,0.116658515935433,0.347261000980561
31,2019,1934408,66750,0.0324789476801844,0.103815353978825,0.364123000788048
32,2000,1950488,40950,0.0605066007642224,0.117647058823529,0.162193174326907
32,2001,2072391,42995,0.057739968931987,0.0983024019052598,0.193977211792671
32,2002,2139794,43450,0.0775469975534702,0.118845604865337,0.192507322168591
32,2003,2207574,44955,0.0752336234458885,0.116130691325727,0.202432449635331
32,2004,2301197,43950,0.066576337417971,0.125856156558321,0.196934827141448
32,2005,2376017,48190,0.0593360790520375,0.1124266180785,0.212017496585808
32,2006,2495529,54950,0.0510307234204476,0.104816478604918,0.21489209052436
32,2007,2565382,55950,0.0552247961183068,0.110493282028638,0.221484280008774
32,2008,2600167,56975,0.0728949256163194,0.113400356716018,0.22685629938352
32,2009,2643085,54980,0.119530987888798,0.126132035062491,0.221718010462509
32,2010,2704642,52450,0.14127742852317,0.151329646049173,0.219429689176363
32,2011,2723322,49950,0.127999896201105,0.161928088231521,0.223067286088623
32,2012,2758931,50950,0.117719841106271,0.158054121323722,0.227989919989754
32,2013,2790136,52075,0.108199210617504,0.156637428502295,0.227338141782472
32,2014,2839099,52990,0.0905612191555296,0.149150397847259,0.228409201660848
32,2015,2890845,54150,0.0815882089603636,0.150759813912832,0.235916093312755
32,2016,2940058,57675,0.0662245132038809,0.136538352834775,0.230549142877526
32,2017,2998039,59395,0.0583258499416525,0.131612166000261,0.24893004288365
32,2018,3034392,59950,0.0562993219998461,0.130859868308006,0.242960300821936
32,2019,3080156,64450,0.0510883278840737,0.130998059650553,0.253016257414326
33,2000,1200522,48940,0.042119390498601,0.0789690792168325,0.302036464002144
33,2001,1223636,51995,0.0330558606194246,0.0609707856849774,0.308941227367001
33,2002,1238917,53815,0.0500793503281243,0.0659368929957422,0.32126621168148
33,2003,1251572,53450,0.0598643918273173,0.0797442387744575,0.321304652466368
33,2004,1261970,54935,0.045367520057451,0.0777289904195757,0.340596598829105
33,2005,1271897,55002,0.0457055002285414,0.0756011905277592,0.332403549234063
33,2006,1314895,63265,0.0417596528396564,0.0822105214662368,0.336386970670046
33,2007,1315828,66950,0.0484976271223024,0.0766991361709548,0.341266687589996
33,2008,1315809,67950,0.0459467992843335,0.077342678653055,0.355115491239149
33,2009,1324575,64575,0.0801732521274381,0.0880815949658793,0.344294431886832
33,2010,1316759,65950,0.0773125767908017,0.0836493374267356,0.354658875808252
33,2011,1318194,66140,0.0669412710570775,0.0885734406155874,0.353854746639006
33,2012,1320718,67950,0.0617770423153558,0.0976666040938219,0.371813010207512
33,2013,1323459,67750,0.0550358722278384,0.0883719879998848,0.36620508804886
33,2014,1326813,72452,0.0539628150686301,0.094226333316534,0.367331749737539
33,2015,1330608,74970,0.0438420098143802,0.0816830591111005,0.370676521074942
33,2016,1334689,76392,0.0393228523464669,0.0703589833820281,0.37687198836381
33,2017,1342795,79850,0.040984058473268,0.0765358082165078,0.383820460695486
33,2018,1356410,79925,0.033882880645826,0.0739450740698746,0.381140533203107
33,2019,1359711,82760,0.029717144802049,0.0762275146199052,0.38898390227348
34,2000,8206336,52020,0.0593464220089796,0.0807577900615837,0.349306944663842
34,2001,8289599,55350,0.0616483571289315,0.0779195221686904,0.350865599351278
34,2002,8395357,57965,0.0741970438287499,0.0750296435379473,0.347871731164414
34,2003,8444076,57950,0.0766327789624477,0.0842066214019154,0.354328125482447
34,2004,8503294,60045,0.0718169406798387,0.0859195511647302,0.366593958133729
34,2005,8524868,59975,0.0636384839756395,0.0894925321378614,0.376706586440175
34,2006,8724560,68255,0.0628809762838692,0.0860104895804133,0.364876738631418
34,2007,8685920,70685,0.0591784829915772,0.0850028020656737,0.365759586324878
34,2008,8682661,73990,0.0605122358907341,0.0867868154513775,0.376237890187681
34,2009,8707740,73950,0.0973857884475266,0.0950815484428681,0.376268342163017
34,2010,8801624,71980,0.107637793114804,0.10200377775902,0.383340312839813
34,2011,8821155,70990,0.107735927210826,0.103884109376032,0.381511494961015
34,2012,8864590,73995,0.101008941775874,0.107263656724662,0.39019511855972
34,2013,8899339,74275,0.0907629640558805,0.113978659107332,0.392074032660145
34,2014,8938175,76775,0.074761840880769,0.111454114373264,0.398099721680724
34,2015,8958013,77950,0.0652308954324673,0.106453757937912,0.403509171018416
34,2016,8944469,80475,0.0588304792941379,0.103408219245471,0.412728049818186
34,2017,9005644,84275,0.0522781512948846,0.0978942801521355,0.423641671882906
34,2018,8908520,86425,0.0473729040104127,0.0945726079344824,0.433257732324568
34,2019,8882190,90090,0.0453778968119232,0.0920747818187196,0.438647356422354
35,2000,1770085,32865,0.0826282729801671,0.189083796405235,0.241849163185812
35,2001,1794179,33480,0.0726939474928184,0.18003543945313,0.248867752645508
35,2002,1823047,35700,0.0817881541297369,0.188404928386616,0.272448086545419
35,2003,1837417,34370,0.0766146060433354,0.187670734126768,0.248354409549488
35,2004,1855776,35150,0.0748601170827146,0.193032969772448,0.244387137155445
35,2005,1886789,37150,0.0731906985926434,0.189038450398916,0.257258044396988
35,2006,1954599,41975,0.0667804886304975,0.186665832238146,0.263495608984586
35,2007,1969915,42975,0.0588331951728446,0.187065971096974,0.250783444448205
35,2008,1984356,44950,0.0579954277463602,0.173034027932748,0.252857242345221
35,2009,2009671,45950,0.0926702041922679,0.183575268858112,0.261068885785582
35,2010,2065932,44850,0.0951689883817907,0.204368623235217,0.246319028035036
35,2011,2082224,43985,0.109165567035725,0.214153413339946,0.256230795180369
35,2012,2085538,45525,0.101358845236396,0.2052815295408,0.26401811209402
35,2013,2085287,46470,0.0961324041450455,0.232141487875196,0.262139172597344
35,2014,2085572,47920,0.0853729169088517,0.213931227550772,0.259268174361291
35,2015,2085109,47960,0.0714960124379205,0.209317568304021,0.257349731328169
35,2016,2081015,49955,0.0760574451690309,0.201006561014496,0.263642607595713
35,2017,2088070,49040,0.0648593831213168,0.19663073789173,0.2633073141284
35,2018,2095428,48465,0.0596568958473136,0.200837999021848,0.26406618079922
35,2019,2096829,55950,0.050746161792834,0.177258473485989,0.274818486488802
36,2000,18434400,42980,0.0586440700295089,0.1351207929258,0.307298696295066
36,2001,18429783,43395,0.0648764705398085,0.132752773225958,0.303512344761229
36,2002,18529790,44485,0.0778188678615255,0.129503032490069,0.321605034788171
36,2003,18601689,45375,0.0746456943629074,0.135973178930014,0.320884027804441
36,2004,18661943,46790,0.0732678544318313,0.143841725647892,0.329932305942538
36,2005,18679211,48785,0.0711047296673092,0.139388899437817,0.337444636391595
36,2006,19306183,55890,0.065004522359034,0.142338306857007,0.336338890746723
36,2007,19297729,58975,0.0616712741564056,0.135692129262033,0.342506901488139
36,2008,19490297,60465,0.0619957447621503,0.136022117261628,0.345074006228385
36,2009,19541453,60495,0.090586345183145,0.141205925211309,0.350499957756863
36,2010,19392283,59875,0.0984380836840176,0.150665449766865,0.34876543818996
36,2011,19465197,59985,0.0957345263348008,0.158880312856364,0.355172779953763
36,2012,19570261,61392,0.0924147214387019,0.160287909143483,0.357560809397847
36,2013,19651127,62450,0.0859287328449505,0.161585846412028,0.361330521098553
36,2014,19746227,64775,0.0712376931465705,0.156072089957734,0.370396340334725
36,2015,19795791,67195,0.0652948138874791,0.152695957969598,0.372409821707627
36,2016,19745289,69495,0.0598148472535887,0.148275340853515,0.377534748519031
36,2017,19849399,70960,0.0546028516068695,0.139958086154677,0.383604844620986
36,2018,19542209,74395,0.0492772318919994,0.137597814409048,0.395100879036404
36,2019,19453561,78995,0.0449232505529448,0.129372795316451,0.402207018784521
37,2000,7792140,37150,0.04858565699179,0.13096731723376,0.248301019411991
37,2001,7932350,38450,0.0651344006565073,0.141151858466015,0.244130279053935
37,2002,8063874,37982.5,0.0836822580508777,0.142955213033491,0.252059581846227
37,2003,8146508,37870,0.0842603772790594,0.141984092042798,0.260733421598257
37,2004,8270028,38675,0.0754652708108346,0.15362399260876,0.26243774180516
37,2005,8397785,39975,0.0710417168937432,0.154946542722283,0.267623307764769
37,2006,8856505,45675,0.0644788963150453,0.147243849217484,0.263094768960257
37,2007,9061032,47990,0.0665525570625767,0.143815065574643,0.273681045607895
37,2008,9222414,49985,0.066686765048733,0.146270537493897,0.279574105929853
37,2009,9380884,47985,0.107730021731237,0.162948174556423,0.283262657563556
37,2010,9561558,46195,0.123459417489287,0.174351331194634,0.279415000218468
37,2011,9656401,46775,0.113484882974981,0.177111803098105,0.282260715209074
37,2012,9752073,48075,0.104705818147947,0.179941768717149,0.287280498549316
37,2013,9848060,49007,0.0957115750452985,0.179737119112276,0.297859044623097
37,2014,9943964,49990,0.0808453475650531,0.173738579190341,0.300395011117614
37,2015,10042802,50985,0.0674972844440036,0.167270804667758,0.30941736470976
37,2016,10146788,53775,0.0622174724818371,0.157778938945306,0.320805952456428
37,2017,10273419,56255,0.0525603887282801,0.148816497401476,0.329278043644699
37,2018,10383620,57960,0.0483950154889938,0.141270953703024,0.334005628695899
37,2019,10488084,60990,0.0448269408748549,0.135789312697147,0.337761288049263
38,2000,609909,33700,0.0389325231104195,0.127633547175202,0.259124041446191
38,2001,610793,34850,0.0367446795967694,0.122074547062365,0.26704783240196
38,2002,610245,35950,0.0430352565475134,0.127435443121042,0.272081364059212
38,2003,609236,37150,0.0414630441968713,0.118982320589062,0.287084369064365
38,2004,609691,38950,0.0447675292974399,0.122672272388096,0.274271815067241
38,2005,621063,40710,0.0343476967795878,0.106489974678311,0.28972427702855
38,2006,635867,46250,0.0313815718262482,0.102822996424853,0.305376662929226
38,2007,639715,49300,0.0361382396349348,0.127009020540907,0.306841508624651
38,2008,641481,50175,0.0342762399230512,0.115380873152554,0.287660384772325
38,2009,646844,53455,0.0389567214700193,0.110866003482601,0.302019910327533
38,2010,674499,51950,0.0329393073270891,0.12421335473948,0.322321747057192
38,2011,683932,54800,0.0307172285956837,0.111963250422209,0.298604339174892
38,2012,699628,59302,0.0333762084137241,0.109732233972953,0.314410025414459
38,2013,723393,60352,0.0234197738847611,0.118495921860119,0.306338556917763
38,2014,739482,64055,0.0289972103949493,0.122275854439641,0.277332300035849
38,2015,756928,65550,0.0301859454238107,0.11831961001188,0.325022090251521
38,2016,757953,64950,0.0325502187690532,0.11717311076968,0.317187302069874
38,2017,755393,67950,0.0247902833242751,0.0985890864580715,0.329404174573055
38,2018,760077,67950,0.0255341918453252,0.101954729299774,0.311828636900531
38,2019,762062,67800,0.0215553143103142,0.111317304326318,0.312604170901256
39,2000,11052389,38530,0.0502339414343835,0.1092611215285,0.235749916141154
39,2001,11066289,39970,0.0596454186491584,0.113331903982757,0.237390423197802
39,2002,11106524,39965,0.0761351446081295,0.11940421908546,0.23709404242062
39,2003,11131980,40375,0.0791443569904747,0.123833814392202,0.249869143874846
39,2004,11172251,41495,0.0785337464986396,0.127541632418602,0.254728278868298
39,2005,11146050,42390,0.0737385463095177,0.132766038969453,0.253186394987203
39,2006,11478006,47380,0.0715679683031463,0.136231965724815,0.249400227954738
39,2007,11466917,49999.5,0.0714952780852847,0.131365393462004,0.263483573782235
39,2008,11485910,50290,0.0707887081901109,0.135114926546331,0.263129826076032
39,2009,11542645,49295,0.110904265126412,0.154117239653279,0.260935134106417
39,2010,11536182,48605,0.114261996526754,0.160380614395189,0.266499469930873
39,2011,11544951,48985,0.105640277338377,0.165949782688022,0.2670235681315
39,2012,11544225,49995,0.0901151219082555,0.164541410706777,0.27147947175469
39,2013,11570808,51095,0.0797835422814316,0.157191835984565,0.27925251739772
39,2014,11594163,52195,0.0719134933462513,0.160093018037905,0.285879644590133
39,2015,11613423,54975,0.0638728439808501,0.150593532017788,0.286990933352619
39,2016,11614373,55965,0.0563268830190728,0.146183738851175,0.295473031697445
39,2017,11658609,57950,0.0510223145769113,0.140051590117022,0.297233656405084
39,2018,11689442,59955,0.0497699685458797,0.140697943354665,0.306817862012412
39,2019,11689100,61995,0.0461572375737365,0.131805515071274,0.311770543266594
40,2000,3330738,33350,0.0620316490708074,0.141405868529356,0.229804876026968
40,2001,3347660,33400,0.0494463909608597,0.156862809670921,0.220422414615449
40,2002,3379515,34950,0.0647198077301009,0.150640705875087,0.221088446855264
40,2003,3396794,34825,0.0715825435711637,0.161317858038256,0.233910942361889
40,2004,3412202,34950,0.0704971121105693,0.154789511513033,0.2380176947035
40,2005,3429974,36375,0.0656724197710703,0.161462491088307,0.243501346503996
40,2006,3579212,41360,0.0574712643678161,0.172983647310426,0.235533669928733
40,2007,3617316,43960,0.0537767169385475,0.163584491867301,0.240699147996614
40,2008,3642361,45960,0.0457165548335575,0.159199567021223,0.238723320681159
40,2009,3687050,45950,0.0663774089742199,0.164941376131435,0.238417733837567
40,2010,3761702,45180,0.0799939422790384,0.171356236976203,0.237354625546199
40,2011,3791508,45975,0.0746512252686142,0.176322338843197,0.252632295611916
40,2012,3814820,47850,0.0638464922597113,0.173388023483028,0.245884142993209
40,2013,3850568,49450,0.0622418093220135,0.167791140234902,0.24798346214203
40,2014,3878051,51635,0.0552516649965997,0.165892543908519,0.248354727340628
40,2015,3911338,52352,0.0544521697485927,0.163041382961294,0.260828154756062
40,2016,3923561,52950,0.0588067300331649,0.162415720549187,0.265048951788132
40,2017,3930864,52970,0.0543248883282345,0.154578246153371,0.257268738516437
40,2018,3943079,55995,0.0432259374562717,0.155370178355451,0.261065734092961
40,2019,3956971,59390,0.0443269016260265,0.155077343318237,0.267349906461609
41,2000,3355436,38400,0.0662653309836667,0.132746506116667,0.272461697361389
41,2001,3387279,39950,0.0722281135182712,0.136379702767495,0.272959205938442
41,2002,3434797,39950,0.0868932561560219,0.127359955488797,0.271362901080724
41,2003,3488398,39975,0.0817087623118431,0.139599184187826,0.278969134709916
41,2004,3506284,40250,0.0798396481017707,0.140343957986094,0.293976236414652
41,2005,3560922,41960,0.0735707437145205,0.141851123633464,0.289112021434018
41,2006,3700758,47995,0.062934520574307,0.131275670132811,0.287889308566182
41,2007,3747455,49950,0.0653108954749975,0.130429735741919,0.301895567525522
41,2008,3790060,51855,0.0668831693307873,0.136711742456407,0.294412856921138
41,2009,3825657,50950,0.113769674392894,0.146510540313229,0.303354407005313
41,2010,3838957,49490,0.126281241386236,0.159791513948806,0.300090564655042
41,2011,3871859,49910,0.119412958319795,0.170600640002524,0.301419508174367
41,2012,3899353,51240,0.110985133503232,0.167963820929046,0.310583487099908
41,2013,3930065,52950,0.0921459426925802,0.165687634051693,0.310819059378627
41,2014,3970239,53950,0.0761975950733081,0.16205986416461,0.313198620073657
41,2015,4028977,58450,0.0701581792691809,0.152561726151535,0.329749784115755
41,2016,4093465,59980,0.0579575638640316,0.135061284762383,0.333493133897432
41,2017,4142776,63550,0.0511119138969366,0.132329921793044,0.343605149374392
41,2018,4190713,66950,0.0465924624829948,0.122167921700454,0.350049855754788
41,2019,4217737,69995,0.0489558183249448,0.116273545833123,0.346869317937385
42,2000,11790241,39285,0.0579659698606585,0.107666650249735,0.250892102013241
42,2001,11856640,39990,0.0555591439270272,0.109193549027528,0.263594824085147
42,2002,11913892,40490,0.0701426734431449,0.107136746204999,0.263932624851119
42,2003,11935566,40875,0.0719149136995293,0.110209463331116,0.271223700188343
42,2004,11971696,42270,0.0674596920949494,0.118345847012131,0.277081439514218
42,2005,11948862,43995,0.0657974604235343,0.121268651867059,0.286478053638975
42,2006,12440621,49990,0.0622438448074726,0.122718257206917,0.284123410742076
42,2007,12432792,52695,0.0591348353488828,0.117946311428846,0.287340485972164
42,2008,12448279,54990,0.058493095658024,0.120909272313321,0.289310526752405
42,2009,12604767,54975,0.0910188252620542,0.126397133060694,0.291389272159007
42,2010,12709630,53690,0.0967920913569923,0.133202682471168,0.296481527390578
42,2011,12742886,54195,0.0917988226292146,0.136781340946333,0.297744157687137
42,2012,12763536,55355,0.089674089132398,0.139996459308347,0.308257405905643
42,2013,12773801,56980,0.0834506386269735,0.139299441944817,0.313577850348887
42,2014,12787209,58702,0.070587920858509,0.136505521582085,0.314741454553742
42,2015,12802503,60975,0.0630047117461168,0.130163820504775,0.321248600509128
42,2016,12784227,61990,0.0577145035599465,0.129014505699518,0.334462397963572
42,2017,12805537,64480,0.0533332658114094,0.125950003198705,0.340635859048196
42,2018,12807060,65985,0.0485773143818936,0.122878578778622,0.343195391119386
42,2019,12801989,69095,0.0470243952467516,0.12229373308879,0.349522023646927
44,2000,1000802,40700,0.0411825912799931,0.100624283883198,0.291970572740831
44,2001,1020102,42150,0.0585702696073807,0.122106241081679,0.304179213597012
44,2002,1030762,44990,0.0605358303356491,0.103303698697707,0.298646728813229
44,2003,1037196,48450,0.0668311080129408,0.11525705049615,0.328909778875148
44,2004,1037002,47760,0.0657556310922632,0.129124536511942,0.30980271485618
44,2005,1033284,49950,0.0571891842927669,0.113922613879444,0.316218622787698
44,2006,1067610,57750,0.0555170679729782,0.11552375725873,0.31679920339183
44,2007,1057832,59970,0.0595747113908806,0.117845094731887,0.32910041580297
44,2008,1050788,60970,0.0737616895221155,0.114081796058107,0.323877483653015
44,2009,1053209,59950,0.0926949101558313,0.112863526092423,0.327111251723125
44,2010,1052886,58035,0.107760350931756,0.146566130259728,0.328292732733156
44,2011,1051302,59950,0.097297457921904,0.144744960311339,0.336327013926588
44,2012,1050292,60150,0.0970258204951168,0.139406753274481,0.333577501172183
44,2013,1051511,62365,0.0886357742228009,0.141701216735372,0.346887014845789
44,2014,1055173,61595,0.075941233583548,0.142759607192679,0.317312002812816
44,2015,1056298,65610,0.0608715714374451,0.136863255748082,0.343224286835907
44,2016,1056426,67170,0.0542284461561464,0.12728915757428,0.359258914734124
44,2017,1059639,70900,0.0584108331739879,0.117219172825706,0.3522418294376
44,2018,1057315,72970,0.0587637150581029,0.126124692082227,0.360854116150852
44,2019,1059361,77900,0.0401968428053225,0.10759364641263,0.367037957315215
45,2000,3847726,35900,0.0559464903688677,0.151662686185976,0.246016321319969
45,2001,3927982,37950,0.062299897372298,0.135238018943956,0.2362601394487
45,2002,3971899,37610,0.0778636524871074,0.144081104851337,0.235943589848724
45,2003,4008553,37950,0.0835671849763596,0.142000663207691,0.24229126384492
45,2004,4059838,39150,0.0739147812949233,0.157959543393705,0.254897836660261
45,2005,4127391,38595,0.0769826187583063,0.156496766599744,0.240104416833837
45,2006,4321249,44975,0.0709652282748783,0.15366754133938,0.239417823678741
45,2007,4407709,46780,0.0673642813483266,0.153227301644156,0.24901678919531
45,2008,4479800,48675,0.0756183941492266,0.157268825250265,0.252189988835595
45,2009,4561242,46975,0.116430968439804,0.172106243970835,0.257229264720665
45,2010,4636312,45520,0.128155839191527,0.181787441976275,0.255506146101404
45,2011,4679230,45845.5,0.117868529442348,0.189755034466124,0.242931813637273
45,2012,4723723,46995,0.108029599078167,0.181942597806226,0.263126529001397
45,2013,4774839,47970.5,0.0959422710966999,0.186142609307551,0.267759208665194
45,2014,4832482,48950,0.0820879777247509,0.181229294104953,0.26985517293064
45,2015,4896146,50175,0.0737159808931508,0.166313234083608,0.276359778237976
45,2016,4961119,52270,0.0623642315131677,0.15196995909198,0.283039047291881
45,2017,5024369,53950,0.0570078036441604,0.154980798830033,0.282415172970083
45,2018,5084127,55650,0.0503814938047894,0.151241941554361,0.288375273770181
45,2019,5148714,59960,0.046840012338832,0.138366058097609,0.298588030288488
46,2000,718859,34580,0.0333209218519319,0.125314625245599,0.260224386758356
46,2001,727968,36150.5,0.0361665735915396,0.116803397116414,0.262763374880658
46,2002,731963,36925,0.0361066470952965,0.114748756034976,0.267665815302074
46,2003,735349,37980,0.0446849480442385,0.112196224893691,0.257116280557362
46,2004,741480,37750,0.0418989280245023,0.112473812967143,0.255176859237773
46,2005,755152,38980,0.040980468176203,0.140322251141516,0.268615526140952
46,2006,781919,46575,0.0398202112589015,0.1354873384794,0.281776428164737
46,2007,796215,45555,0.0449480242716078,0.128879814819631,0.278099937702068
46,2008,804194,49945,0.0351309630514889,0.131207843996212,0.262155623005983
46,2009,812383,49290,0.0514829092307551,0.140794476482295,0.274717383921207
46,2010,816463,51715,0.0653157232300677,0.150443250852259,0.310835291930263
46,2011,824082,53950,0.0492296774488932,0.131410529694702,0.274472458822169
46,2012,833354,53950,0.0478662232306592,0.135009145427846,0.284005688716223
46,2013,844877,51975,0.0413246334105101,0.139471760760735,0.281268615654657
46,2014,853175,56750,0.0358977028246235,0.147669511553667,0.285169278567186
46,2015,858469,56965,0.0447749657700632,0.12964516571033,0.285793235827236
46,2016,865454,60160,0.040224596394362,0.138389905157947,0.313688520665811
46,2017,869666,61950,0.0343771090661725,0.122436491174601,0.292641801662269
46,2018,882235,59955,0.0353003318324906,0.135218824268759,0.301270596244195
46,2019,884659,65150,0.033120119798909,0.113542663344116,0.32186771895328
47,2000,5467299,34950,0.0545185021525558,0.138439680488428,0.231841910136403
47,2001,5596837,35950,0.0630259817653217,0.144297699739441,0.222645233882712
47,2002,5656036,36980,0.0651686079244389,0.144862229968613,0.227440092464099
47,2003,5695563,37950,0.0689335214597333,0.138864988940126,0.230060903680646
47,2004,5743167,37950,0.0708537583921829,0.146882824041948,0.24039481105471
47,2005,5816359,37995,0.0728325919461981,0.155710751366838,0.234237930412547
47,2006,6038803,42280,0.0737349809774578,0.164832332296237,0.237147264439014
47,2007,6156719,44955,0.0684155967387101,0.159620210881889,0.235231845665704
47,2008,6214888,45995,0.0684175148534216,0.154543622111975,0.241516146608819
47,2009,6296254,44995,0.107725780591509,0.169957424936071,0.247938397620861
47,2010,6356897,43975,0.112932356954443,0.177400319821529,0.2465357519583
47,2011,6403353,44090,0.104707024790346,0.181439480565889,0.251435765293584
47,2012,6456243,45385,0.0944216736734807,0.181548918932501,0.261378976206223
47,2013,6495978,47195,0.0875732703285467,0.182231484369339,0.2622107792791
47,2014,6549352,47790,0.0787365052416114,0.185345069316922,0.269742833674794
47,2015,6600299,50002.5,0.0621901785572702,0.168655868210419,0.274526420032539
47,2016,6651194,50955,0.056222989503078,0.157958290922454,0.276225204315264
47,2017,6715984,53950,0.0484751302753081,0.151087249246307,0.28650169588555
47,2018,6770010,55650,0.0553758216667524,0.155414027565862,0.287885116801013
47,2019,6829174,59490,0.0462922666017891,0.139941304286903,0.304703729663762
48,2000,20433842,39890,0.0542371951493917,0.154453740482159,0.250736621771825
48,2001,20773439,39985,0.0592049526037439,0.148038390900964,0.255252093528496
48,2002,21288789,40975,0.0771970081566898,0.158049621479648,0.256451496609637
48,2003,21575409,39980,0.0786034779509902,0.163482258943136,0.257075681802721
48,2004,21890579,40990,0.0822670120064141,0.163452587717738,0.270767356258554
48,2005,22250152,41080,0.0760315626920187,0.17922912730091,0.263469548133929
48,2006,23507783,47980,0.0698920115259123,0.170090713477011,0.258319669681555
48,2007,23904380,50090,0.0582003884885905,0.164409059298583,0.263379588630959
48,2008,24326974,52575,0.0519877309522706,0.159275563729599,0.263447927246473
48,2009,24782302,51995,0.0822211311782058,0.172832698493953,0.266669972359031
48,2010,25257114,51485,0.0878687203897444,0.178505282092779,0.26854729158791
48,2011,25674681,51960,0.0845649388135733,0.184379820621749,0.274435832725739
48,2012,26059203,54180,0.0789917809208447,0.178991859535558,0.276618363299199
48,2013,26448193,54980,0.0708274889987685,0.175412362871519,0.283733695871389
48,2014,26956958,56975,0.0607321558936864,0.172602279812263,0.286169585017852
48,2015,27469114,59985,0.0553484654421595,0.158190063380301,0.290194958977243
48,2016,27862596,59995,0.0545401017008796,0.156848903880859,0.296674570147435
48,2017,28304596,62970,0.0506593165247675,0.14665455466093,0.302527987223802
48,2018,28701845,63975,0.0485371987076053,0.148429826798756,0.309909450342033
48,2019,28995881,67995,0.0435086555258038,0.136148626857036,0.315891904430224
49,2000,2207325,44900,0.0660903776205038,0.0920586564096099,0.301259724683032
49,2001,2229295,45275,0.0602140462767269,0.0854763573882853,0.261327421097449
49,2002,2275861,45950,0.0653723314401449,0.105396106652295,0.279660108465495
49,2003,2309555,46250,0.0724702202736454,0.105933157261697,0.272431129640805
49,2004,2349472,46250,0.0671510228894199,0.109734814172218,0.288736550516535
49,2005,2452149,46950,0.0526696132296361,0.101972137314837,0.284817905641563
49,2006,2550063,53690,0.0415382633908517,0.105760363069131,0.29431431588003
49,2007,2645330,56950,0.0355393780440431,0.0977210132888453,0.297490593128996
49,2008,2736424,57950,0.0418317892729356,0.0957334392513807,0.297076664164467
49,2009,2784572,58150,0.0813772885795261,0.116918221379559,0.29094714419803
49,2010,2776469,56730,0.0924146251786096,0.134494616732578,0.300596076378801
49,2011,2817222,57670,0.0833457379178741,0.137232979196646,0.304119475872599
49,2012,2855287,59950,0.0687847757059618,0.125292658508111,0.310723901010145
49,2013,2900872,61950,0.0570866758363021,0.128294371682357,0.31517941146465
49,2014,2942902,62550,0.0479407317642612,0.119532591971194,0.313534114923531
49,2015,2995919,66160,0.0400460749605207,0.113769761175443,0.320085842694157
49,2016,3051217,68550,0.043248635256045,0.104307084609407,0.326937647950228
49,2017,3101833,69950,0.034670716112532,0.0966803980172418,0.348035198832697
49,2018,3161105,73310,0.0322173728949519,0.0884732850887159,0.353474585461324
49,2019,3205958,77950,0.0301779245685063,0.0940711444950995,0.359245191643329
50,2000,593200,37550,0.040130484280585,0.117315530378748,0.294471424637645
50,2001,592321,41350,0.0408852401767403,0.106173457396533,0.31865533497813
50,2002,595826,43395,0.0447142988822912,0.0880662959284337,0.326087085150319
50,2003,598352,43160,0.0529480034405156,0.100073658659078,0.337474229996726
50,2004,600632,45775,0.0465312113494753,0.092952682367434,0.336928473510201
50,2005,609857,44950,0.0536434471648748,0.112673561857471,0.341294242004046
50,2006,623908,51075,0.0549483438697345,0.10497407526855,0.347023419003337
50,2007,621254,51170,0.0492449479673392,0.099744619722806,0.35094814518205
50,2008,621270,55075,0.0518330729948091,0.110719381629144,0.352508921148192
50,2009,621760,57890,0.0669980780394876,0.109578834627231,0.346727010517183
50,2010,625960,54950,0.0854466989531468,0.12325628087339,0.352174930449026
50,2011,626431,59150,0.0559441555260625,0.114203127227163,0.391240892788505
50,2012,626011,58590,0.0632346094007291,0.115283854387022,0.369744237723846
50,2013,626630,57650,0.0510212205110968,0.129075555614473,0.346365598770472
50,2014,626562,59950,0.0589939121335284,0.104289524189327,0.377419800275583
50,2015,626042,65350,0.0340159331789149,0.0963125566207727,0.385061866211936
50,2016,624594,64995,0.0365421301323629,0.114398471211525,0.367186638985116
50,2017,623657,61050,0.0429035536573473,0.112475297551279,0.380371386140985
50,2018,626299,65805,0.0343890653674798,0.113181645394168,0.404363469705402
50,2019,623989,68150,0.0358349340928661,0.102313131650045,0.40141802318365
51,2000,6761816,44905,0.0402799301200065,0.101729955712601,0.331428800393041
51,2001,6955099,47980,0.0446923578575697,0.094285666960256,0.337213603761467
51,2002,7063475,48290,0.054833079208188,0.0997407340115764,0.339755567498649
51,2003,7150715,49990,0.0554735029231688,0.0908557626625433,0.344182945293015
51,2004,7219758,50785,0.0535341903116899,0.0950665742302112,0.349097441535153
51,2005,7320848,52975,0.0491781196595258,0.100083854058372,0.352980943198475
51,2006,7642884,59960,0.0451386316655481,0.0941734904174492,0.349515419725268
51,2007,7712091,63990,0.047501843459484,0.0994999899703792,0.359305084123723
51,2008,7769089,65585,0.0476218763425122,0.103950373299365,0.357679599487127
51,2009,7882590,64975,0.0709969024771597,0.107365892106385,0.359883582262882
51,2010,8024617,65395,0.0763136685763063,0.11390946474608,0.364672449156103
51,2011,8096604,66975,0.07340071425488,0.116687853233028,0.373830280643401
51,2012,8185867,67555,0.068212035842531,0.118935526415924,0.376923535240079
51,2013,8260405,68335,0.0644526056861736,0.117574496711182,0.379983906521551
51,2014,8326289,70185,0.059123468631271,0.118487501990522,0.385537832278623
51,2015,8382993,71985,0.05325714006949,0.114754255285857,0.388924247219449
51,2016,8411808,73980,0.0474312392187664,0.110934234547297,0.399747915116145
51,2017,8470020,77675,0.0444367942132145,0.10481969853201,0.406690359710919
51,2018,8517685,78585,0.0398208984972843,0.107013191901365,0.413075039244008
51,2019,8535519,81985,0.0387631085446222,0.0987629831420684,0.415970671284812
53,2000,5776726,44310,0.0475711273675961,0.126410221228022,0.309141847109497
53,2001,5852281,44985,0.0675927078384563,0.108700309211672,0.311407690655718
53,2002,5937852,45470,0.0892899677114176,0.11493592659738,0.309656078529833
53,2003,5988638,46175,0.0943850178700877,0.111060202997914,0.314869806410339
53,2004,6071325,46970,0.0833839321808989,0.133445231626332,0.328557508198083
53,2005,6157786,48680,0.0699898395715315,0.120981766304631,0.317058389222244
53,2006,6395798,54980,0.0640367063986834,0.118787352847349,0.316621577727
53,2007,6468424,57950,0.0578723838681161,0.11489239046282,0.31552387779861
53,2008,6549224,60080,0.0531647366284717,0.114416872098358,0.319403054173106
53,2009,6664195,59910,0.0946339972957962,0.123906314722736,0.317383432589189
53,2010,6744496,58790,0.104983187960527,0.135999350576258,0.322948000972129
53,2011,6830038,59185,0.101540261800087,0.141057703133027,0.327267509004873
53,2012,6897012,60095,0.0834985840670653,0.136215386639705,0.32480533316335
53,2013,6971406,61575,0.0772084689229337,0.139597720243437,0.336484584269873
53,2014,7061530,63950,0.0669782503675669,0.133287985328451,0.339801493505405
53,2015,7170351,67980,0.0576327327405972,0.127056318123847,0.34681322082967
53,2016,7288000,69950,0.0538525109567489,0.113982751189465,0.35734424263361
53,2017,7405743,74150,0.0481269230839417,0.111889486712348,0.363921208094101
53,2018,7535591,76925,0.0428354358648611,0.1046301221041,0.373774302930885
53,2019,7614893,81950,0.0451501285575449,0.0977556446225785,0.376828703836525
54,2000,1770413,28580,0.0630301324427742,0.188887952788896,0.149347449474589
54,2001,1758405,29015,0.0709632164199223,0.171818552267069,0.165049595732266
54,2002,1761291,30455,0.0719271666461589,0.174650809739602,0.176788261667006
54,2003,1767580,30380,0.0850494426488018,0.185644517753041,0.185910295299203
54,2004,1771784,30750,0.067892106489952,0.180661284316999,0.176143495391721
54,2005,1781817,32550,0.0734708405927425,0.186855432366519,0.18957849080299
54,2006,1818470,36960,0.0626606036561174,0.171303628585975,0.180088681736099
54,2007,1812035,39550,0.0608983108896246,0.175833612600536,0.188077926581901
54,2008,1814468,40165,0.0517791734876936,0.167725099981978,0.18518063052833
54,2009,1819777,39990,0.080693694258002,0.175747718493121,0.189928099444031
54,2010,1853973,40950,0.0880532663865088,0.185965755788287,0.189339649936329
54,2011,1855364,40570,0.0904972854956773,0.188149766940068,0.203813391890006
54,2012,1855413,43015,0.0789992832934488,0.175153193358284,0.198988743303287
54,2013,1854304,44250,0.081222246202334,0.183660292278906,0.203791752758255
54,2014,1850326,44655,0.0675473233064804,0.18295521119956,0.212535788700892
54,2015,1844128,45620,0.0685350630277812,0.180261331360041,0.211420990244562
54,2016,1831102,46485,0.0802541362349083,0.183827726058579,0.225903379380317
54,2017,1815857,46950,0.0679084206441599,0.192586935492083,0.212976302535231
54,2018,1805832,47985,0.0611105014398753,0.178297126987026,0.225558224357264
54,2019,1792147,51750,0.055737098231931,0.159035589669618,0.229744512499026
55,2000,5242190,41995,0.0417173239507639,0.0916009714093272,0.257845225136356
55,2001,5247393,42380,0.0569297552757538,0.0985152820421973,0.251415812080546
55,2002,5294592,43385,0.0698174225731085,0.100104752580687,0.254742815204522
55,2003,5313443,43525,0.0687759789791962,0.106016557268541,0.257420839553911
55,2004,5353642,44870,0.0684645574084851,0.109600126997296,0.264378904672817
55,2005,5401740,45990,0.0618040745859131,0.103584409422257,0.276402910350578
55,2006,5556506,50545,0.0577169328976925,0.109758643573781,0.278658122326068
55,2007,5601640,52985,0.0579714509721761,0.109590802300597,0.278290230027045
55,2008,5627968,55195,0.0500653678613493,0.105370212570458,0.275663365890146
55,2009,5654774,54195,0.0799085387273343,0.128873775779103,0.276757368056278
55,2010,5691047,51375,0.0873566275711256,0.132623475728082,0.281299093960529
55,2011,5711767,52470,0.0836693673421293,0.137588319077064,0.283179658444907
55,2012,5726398,53990,0.0736121968375305,0.131856237128465,0.294289425489516
55,2013,5742713,54480,0.0657404747621011,0.137640822067092,0.295768331626625
55,2014,5757564,56065,0.0536450954195304,0.131811439169306,0.30646535004132
55,2015,5771337,59960,0.0425614301729005,0.117533581935949,0.308364402197114
55,2016,5778709,59990,0.0411444015927531,0.120131102746578,0.313481832724097
55,2017,5795483,61970,0.0339225076073813,0.111387028263356,0.323335705497164
55,2018,5813568,64575,0.0295865230657635,0.109652176913041,0.319512152453816
55,2019,5822434,67960,0.0317076079677935,0.0984129984888461,0.330738474586539
56,2000,473089,36950,0.04911596749396,0.129900558853313,0.266013473094863
56,2001,480332,38250,0.0502488477849096,0.115074462401496,0.245594447449902
56,2002,484833,40240,0.0577012407096619,0.111366924316951,0.250180802229006
56,2003,487341,42950,0.0543953195586166,0.0981862187139165,0.247276992472129
56,2004,492534,43490,0.0472574509704848,0.103869019130229,0.260990225996197
56,2005,494170,43950,0.056231499331079,0.100144041133772,0.237830881425219
56,2006,515004,49900,0.0353537304365842,0.0985767903674367,0.224434250328178
56,2007,522830,56350,0.0343878860700729,0.0854016373828549,0.253114814565238
56,2008,532668,56735,0.0323681401535047,0.100804758437636,0.233070612835773
56,2009,544270,57505,0.0560051015856548,0.0982440006181238,0.242821402851302
56,2010,564460,56950,0.0598960594785606,0.106736773755911,0.256229383570806
56,2011,568158,57950,0.0514264386095875,0.113931866252644,0.256269073646478
56,2012,576412,57050,0.0581891025641026,0.127889956762645,0.266036308864686
56,2013,582658,61950,0.0525284439976383,0.105756337650455,0.284771649581387
56,2014,584153,59950,0.0484692509784998,0.120414594859584,0.259549744910002
56,2015,586107,65300,0.0514404275866025,0.103124421096046,0.267328582657887
56,2016,585501,62050,0.0582403965303594,0.119523866031914,0.265824670488034
56,2017,579315,62450,0.0499670004212007,0.119543499729783,0.276482434843174
56,2018,577737,64950,0.0352714264304378,0.112507966857871,0.277939394339641
56,2019,578759,67975,0.0387051155927201,0.0991634768359002,0.283959310099694
